product_id,name,price,category,price_numeric,skin_type,concern,image,shopee_link
1,Sabun Al-Mubarak,Rp25.000,Sabun,25000,Normal,Hydration,images/sabun.jpg,https://shopee.co.id/Sabun-Al_Mubarak-Bleaching-Soap-Batang-Ori-Mencerahkan-Kulit-i.332377135.25816044687
2,Sabun Temulawak Sadayu Madu & Green Tea White Plus 90gr,Rp10.000,Sabun,10000,Dry,Sensitive Care,images/sabun.jpg,https://shopee.co.id/a.ez-SADAYU-SABUN-TEMULAWAK-WHITE-PLUS-sabun-batang-temulawak-sedayu-i.334290524.42911577196
3,Sabun Madu Wajah 701 Asli,Rp5.000,Sabun,5000,Oily,Hydration,images/sabun.jpg,https://shopee.co.id/Sabun-Wajah-Polos-701-Asli-Bpom-Satuan-i.1179399520.26783126429
4,Sabun Colagen Acne (Hijau) 701 BPOM,Rp11.000,Sabun,11000,Combination,Hydration,images/sabun.jpg,https://shopee.co.id/search?keyword=Sabun%2BColagen%2BAcne%2B%28Hijau%29%2B701%2BBPOM
5,Sabun Citra Madu Whitening Soap,Rp7.000,Sabun,7000,Sensitive,Acne,images/sabun.jpg,https://shopee.co.id/search?keyword=Sabun%2BCitra%2BMadu%2BWhitening%2BSoap
6,Sabun Natural Gold Original BPOM,Rp7.500,Sabun,7500,Sensitive,Brightening,images/sabun.jpg,https://shopee.co.id/search?keyword=Sabun%2BNatural%2BGold%2BOriginal%2BBPOM
7,Sabun Walet Bengkuang,Rp8.500,Sabun,8500,Combination,Brightening,images/sabun.jpg,https://shopee.co.id/search?keyword=Sabun%2BWalet%2BBengkuang
8,Sabun Beras Susu Boliya BPOM 60gr,Rp8.000,Sabun,8000,Sensitive,Sensitive Care,images/sabun.jpg,https://shopee.co.id/search?keyword=Sabun%2BBeras%2BSusu%2BBoliya%2BBPOM%2B60gr
9,Sabun Madu Boliya Original BPOM,Rp5.500,Sabun,5500,Normal,Anti-Aging,images/sabun.jpg,https://shopee.co.id/search?keyword=Sabun%2BMadu%2BBoliya%2BOriginal%2BBPOM
10,Sabun Vit E Whitening Transparant Soap,Rp6.750,Sabun,6750,Sensitive,Acne,images/sabun.jpg,https://shopee.co.id/search?keyword=Sabun%2BVit%2BE%2BWhitening%2BTransparant%2BSoap
11,Sabun Gosly Bengkoang Whitening Asli,Rp13.000,Sabun,13000,Dry,Anti-Aging,images/sabun.jpg,https://shopee.co.id/search?keyword=Sabun%2BGosly%2BBengkoang%2BWhitening%2BAsli
12,Sabun Pembersih Wajah Oval Asli,Rp5.250,Sabun,5250,Dry,Hydration,images/sabun.jpg,https://shopee.co.id/search?keyword=Sabun%2BPembersih%2BWajah%2BOval%2BAsli
13,Colagen Sabun Plus Vit E 701,Rp10.000,Sabun,10000,Sensitive,Anti-Aging,images/sabun.jpg,https://shopee.co.id/search?keyword=Colagen%2BSabun%2BPlus%2BVit%2BE%2B701
14,Kojie-San Whitening Soap,Rp16.500,Sabun,16500,Dry,Brightening,images/sabun.jpg,https://shopee.co.id/search?keyword=Kojie-San%2BWhitening%2BSoap
15,AL Mubarak Cream Day & Night,Rp44.500,Cream,44500,Dry,General Care,images/default.jpg,https://shopee.co.id/search?keyword=AL%2BMubarak%2BCream%2BDay%2B%26%2BNight
16,Luzzini Cream Siang - Malam Asli,Rp43.500,Cream,43500,Dry,General Care,images/default.jpg,https://shopee.co.id/search?keyword=Luzzini%2BCream%2BSiang%2B-%2BMalam%2BAsli
17,Cream Gosly Asli Siang dan Malam,Rp37.500,Cream,37500,Dry,General Care,images/default.jpg,https://shopee.co.id/search?keyword=Cream%2BGosly%2BAsli%2BSiang%2Bdan%2BMalam
18,Temulawak Gold 2in1 Day & Night Original Malaysia,Rp21.000,Cream,21000,Dry,General Care,images/default.jpg,https://shopee.co.id/search?keyword=Temulawak%2BGold%2B2in1%2BDay%2B%26%2BNight%2BOriginal%2BMalaysia
19,Cream Arab Turmetic 2in1 Day & Night Asli,Rp11.900,Cream,11900,Dry,General Care,images/default.jpg,https://shopee.co.id/search?keyword=Cream%2BArab%2BTurmetic%2B2in1%2BDay%2B%26%2BNight%2BAsli
20,Cream Seledri Whitening Day & Night,Rp20.000,Cream,20000,Dry,General Care,images/default.jpg,https://shopee.co.id/search?keyword=Cream%2BSeledri%2BWhitening%2BDay%2B%26%2BNight
21,Cream Rantang Fair & Lovely Day & Night,Rp12.000,Cream,12000,Dry,General Care,images/default.jpg,https://shopee.co.id/search?keyword=Cream%2BRantang%2BFair%2B%26%2BLovely%2BDay%2B%26%2BNight
22,Cream Whitening Vit (per pcs),Rp9.000,Cream,9000,Dry,General Care,images/default.jpg,https://shopee.co.id/search?keyword=Cream%2BWhitening%2BVit%2B%28per%2Bpcs%29
23,Cream Cordycep Day Night Herbal Ginseng Asli,Rp45.000 - Rp90.000,Cream,4500090000,Dry,General Care,images/default.jpg,https://shopee.co.id/search?keyword=Cream%2BCordycep%2BDay%2BNight%2BHerbal%2BGinseng%2BAsli
24,Walet Jaring Pink Original / Cream Walet 3in1 Asli,Rp8.000 - Rp38.000,Cream,800038000,Dry,General Care,images/default.jpg,https://shopee.co.id/search?keyword=Walet%2BJaring%2BPink%2BOriginal%2B/%2BCream%2BWalet%2B3in1%2BAsli
25,Cream Fair & Lovely Susun Siang dan Malam,Rp10.000,Cream,10000,Dry,General Care,images/default.jpg,https://shopee.co.id/search?keyword=Cream%2BFair%2B%26%2BLovely%2BSusun%2BSiang%2Bdan%2BMalam
26,CREAM MALAM WALET BENGKUANG,Rp39.000,Cream,39000,Dry,General Care,images/default.jpg,https://shopee.co.id/search?keyword=CREAM%2BMALAM%2BWALET%2BBENGKUANG
27,Jelly Cream Rantang Royal Jelly Day & Night,Rp25.000,Cream,25000,Dry,General Care,images/default.jpg,https://shopee.co.id/search?keyword=Jelly%2BCream%2BRantang%2BRoyal%2BJelly%2BDay%2B%26%2BNight
28,Best Now Cream Siang / Malam 15g,Rp88.000 - Rp176.000,Cream,88000176000,Dry,General Care,images/default.jpg,https://shopee.co.id/search?keyword=Best%2BNow%2BCream%2BSiang%2B/%2BMalam%2B15g
29,GOSLY Day & Night 15gr,Rp90.000 - Rp180.000,Cream,90000180000,Dry,General Care,images/default.jpg,https://shopee.co.id/search?keyword=GOSLY%2BDay%2B%26%2BNight%2B15gr
30,Cream Berrijoy 15g Day & Night,Rp77.000 - Rp154.000,Cream,77000154000,Dry,General Care,images/default.jpg,https://shopee.co.id/search?keyword=Cream%2BBerrijoy%2B15g%2BDay%2B%26%2BNight
31,Cream Natashya Malam - Siang Asli,Rp43.500,Cream,43500,Dry,General Care,images/default.jpg,https://shopee.co.id/search?keyword=Cream%2BNatashya%2BMalam%2B-%2BSiang%2BAsli
32,Serum Gold Original BPOM,Rp17.500,Serum,17500,Dry,Hydration,images/serum.jpg,https://shopee.co.id/search?keyword=Serum%2BGold%2BOriginal%2BBPOM
33,Serum 24K Essence Bisis Ori,Rp33.000,Serum,33000,Dry,Hydration,images/serum.jpg,https://shopee.co.id/search?keyword=Serum%2B24K%2BEssence%2BBisis%2BOri
34,Sadayu Serum Collagen BPOM,Rp21.500,Serum,21500,Dry,Hydration,images/serum.jpg,https://shopee.co.id/search?keyword=Sadayu%2BSerum%2BCollagen%2BBPOM
35,Serum Graceful Original,Rp42.000,Serum,42000,Dry,Hydration,images/serum.jpg,https://shopee.co.id/search?keyword=Serum%2BGraceful%2BOriginal
36,Serum Temulawak Sadayu,Rp20.000,Serum,20000,Dry,Hydration,images/serum.jpg,https://shopee.co.id/search?keyword=Serum%2BTemulawak%2BSadayu
37,Serum Temulawak Boliya BPOM,Rp20.000,Serum,20000,Dry,Hydration,images/serum.jpg,https://shopee.co.id/search?keyword=Serum%2BTemulawak%2BBoliya%2BBPOM
38,NEW Serum Gosly 15ml,Rp37.000,Serum,37000,Dry,Hydration,images/serum.jpg,https://shopee.co.id/search?keyword=NEW%2BSerum%2BGosly%2B15ml
39,Serum Berrijoy Whitening,Rp90.000,Serum,90000,Dry,Hydration,images/serum.jpg,https://shopee.co.id/search?keyword=Serum%2BBerrijoy%2BWhitening
40,XI XIU Face Serum Series 20ml,Rp15.000,Serum,15000,Dry,Hydration,images/serum.jpg,https://shopee.co.id/search?keyword=XI%2BXIU%2BFace%2BSerum%2BSeries%2B20ml
41,AL-Mubarak Skyline Toner Vit E Asli,Rp23.500,Toner,23500,Combination,Pore Care,images/toner.jpg,https://shopee.co.id/search?keyword=AL-Mubarak%2BSkyline%2BToner%2BVit%2BE%2BAsli
42,Toner Gold Original BPOM,Rp17.500,Toner,17500,Combination,Pore Care,images/toner.jpg,https://shopee.co.id/search?keyword=Toner%2BGold%2BOriginal%2BBPOM
43,GOSLY Toner,Rp49.000,Toner,49000,Combination,Pore Care,images/toner.jpg,https://shopee.co.id/search?keyword=GOSLY%2BToner
44,Berrijoy Toner Wajah Whitening,Rp25.000,Toner,25000,Combination,Pore Care,images/toner.jpg,https://shopee.co.id/search?keyword=Berrijoy%2BToner%2BWajah%2BWhitening
45,VIVA Air Mawar 100ml Brightening Rose Water,Rp7.500,Toner,7500,Combination,Pore Care,images/toner.jpg,https://shopee.co.id/search?keyword=VIVA%2BAir%2BMawar%2B100ml%2BBrightening%2BRose%2BWater
46,Graceful Facial Wajah Asli Original,Rp32.500,Facial Cleanser,32500,Normal,General Care,images/default.jpg,https://shopee.co.id/search?keyword=Graceful%2BFacial%2BWajah%2BAsli%2BOriginal
47,Sunscreen SPF 30 Madame Gie 60ml,Rp29.000,Sunscreen,29000,Sensitive,UV Protection,images/sunscreen.jpg,https://shopee.co.id/search?keyword=Sunscreen%2BSPF%2B30%2BMadame%2BGie%2B60ml
48,Wardah UV Shield Essentia Sunscreen Gel SPF 30,Rp40.000,Sunscreen,40000,Sensitive,UV Protection,images/sunscreen.jpg,https://shopee.co.id/search?keyword=Wardah%2BUV%2BShield%2BEssentia%2BSunscreen%2BGel%2BSPF%2B30
49,Wallet Bengkoang Asli Ori 100%,Rp89.000,Cream,89000,Dry,General Care,images/default.jpg,https://shopee.co.id/search?keyword=Wallet%2BBengkoang%2BAsli%2BOri%2B100%25
50,Kelly Pear Cream 5g,Rp10.000,Cream,10000,Dry,General Care,images/default.jpg,https://shopee.co.id/search?keyword=Kelly%2BPear%2BCream%2B5g
51,Somethinc Niacinamide + Moisture Beet Serum 20ml,Rp89.000,Serum,89000,Dry,Hydration,images/serum.jpg,https://shopee.co.id/search?keyword=Somethinc%2BNiacinamide%2B%2B%2BMoisture%2BBeet%2BSerum%2B20ml
52,Somethinc Hyalu-Beet Water Serum 20ml,Rp89.000,Serum,89000,Dry,Hydration,images/serum.jpg,https://shopee.co.id/search?keyword=Somethinc%2BHyalu-Beet%2BWater%2BSerum%2B20ml
53,Somethinc AHA BHA PHA Serum,Rp149.000,Serum,149000,Dry,Hydration,images/serum.jpg,https://shopee.co.id/search?keyword=Somethinc%2BAHA%2BBHA%2BPHA%2BSerum
54,Skintific 5X Ceramide Barrier Serum,Rp119.000,Serum,119000,Dry,Hydration,images/serum.jpg,https://shopee.co.id/search?keyword=Skintific%2B5X%2BCeramide%2BBarrier%2BSerum
55,Skintific Mugwort Pore Clarifying Serum,Rp109.000,Serum,109000,Dry,Hydration,images/serum.jpg,https://shopee.co.id/search?keyword=Skintific%2BMugwort%2BPore%2BClarifying%2BSerum
56,Skintific Niacinamide 10% Brightening Serum,Rp99.000,Serum,99000,Dry,Hydration,images/serum.jpg,https://shopee.co.id/search?keyword=Skintific%2BNiacinamide%2B10%25%2BBrightening%2BSerum
57,Wardah Lightening Serum,Rp65.000,Serum,65000,Dry,Hydration,images/serum.jpg,https://shopee.co.id/search?keyword=Wardah%2BLightening%2BSerum
58,Wardah Acnederm Serum,Rp79.000,Serum,79000,Dry,Hydration,images/serum.jpg,https://shopee.co.id/search?keyword=Wardah%2BAcnederm%2BSerum
59,Implora Niacinamide Serum 20ml,Rp25.000,Serum,25000,Dry,Hydration,images/serum.jpg,https://shopee.co.id/search?keyword=Implora%2BNiacinamide%2BSerum%2B20ml
60,Implora Vitamin C Serum 20ml,Rp25.000,Serum,25000,Dry,Hydration,images/serum.jpg,https://shopee.co.id/search?keyword=Implora%2BVitamin%2BC%2BSerum%2B20ml
61,Ms Glow Serum Brightening,Rp150.000,Serum,150000,Dry,Hydration,images/serum.jpg,https://shopee.co.id/search?keyword=Ms%2BGlow%2BSerum%2BBrightening
62,Ms Glow Acne Serum,Rp150.000,Serum,150000,Dry,Hydration,images/serum.jpg,https://shopee.co.id/search?keyword=Ms%2BGlow%2BAcne%2BSerum
63,Hanasui Niacinamide Serum,Rp29.000,Serum,29000,Dry,Hydration,images/serum.jpg,https://shopee.co.id/search?keyword=Hanasui%2BNiacinamide%2BSerum
64,Hanasui Collagen Serum,Rp29.000,Serum,29000,Dry,Hydration,images/serum.jpg,https://shopee.co.id/search?keyword=Hanasui%2BCollagen%2BSerum
65,Avoskin Your Skin Bae Retinol Serum,Rp189.000,Serum,189000,Dry,Hydration,images/serum.jpg,https://shopee.co.id/search?keyword=Avoskin%2BYour%2BSkin%2BBae%2BRetinol%2BSerum
66,Avoskin Miraculous Retinol Ampoule,Rp229.000,Serum,229000,Dry,Hydration,images/serum.jpg,https://shopee.co.id/search?keyword=Avoskin%2BMiraculous%2BRetinol%2BAmpoule
67,Azarine Hyalumax Serum,Rp69.000,Serum,69000,Dry,Hydration,images/serum.jpg,https://shopee.co.id/search?keyword=Azarine%2BHyalumax%2BSerum
68,Azarine Centella Serum,Rp59.000,Serum,59000,Dry,Hydration,images/serum.jpg,https://shopee.co.id/search?keyword=Azarine%2BCentella%2BSerum
69,Glad2Glow Niacinamide 10% Serum,Rp55.000,Serum,55000,Dry,Hydration,images/serum.jpg,https://shopee.co.id/search?keyword=Glad2Glow%2BNiacinamide%2B10%25%2BSerum
70,Glad2Glow Retinol 0.3% Serum,Rp75.000,Serum,75000,Dry,Hydration,images/serum.jpg,https://shopee.co.id/search?keyword=Glad2Glow%2BRetinol%2B0.3%25%2BSerum
71,Npure Centella Asiatica Serum,Rp99.000,Serum,99000,Dry,Hydration,images/serum.jpg,https://shopee.co.id/search?keyword=Npure%2BCentella%2BAsiatica%2BSerum
72,Npure Niacinamide 10% Serum,Rp89.000,Serum,89000,Dry,Hydration,images/serum.jpg,https://shopee.co.id/search?keyword=Npure%2BNiacinamide%2B10%25%2BSerum
73,The Originote Hyalucera Serum,Rp49.000,Serum,49000,Dry,Hydration,images/serum.jpg,https://shopee.co.id/search?keyword=The%2BOriginote%2BHyalucera%2BSerum
74,The Originote EGF Serum,Rp59.000,Serum,59000,Dry,Hydration,images/serum.jpg,https://shopee.co.id/search?keyword=The%2BOriginote%2BEGF%2BSerum
75,Dear Me Beauty Retinol Bakuchiol Serum,Rp129.000,Serum,129000,Dry,Hydration,images/serum.jpg,https://shopee.co.id/search?keyword=Dear%2BMe%2BBeauty%2BRetinol%2BBakuchiol%2BSerum
76,Emina Bright Stuff Serum,Rp39.000,Serum,39000,Dry,Hydration,images/serum.jpg,https://shopee.co.id/search?keyword=Emina%2BBright%2BStuff%2BSerum
77,Garnier Bright Complete Vitamin C Booster Serum,Rp85.000,Serum,85000,Dry,Hydration,images/serum.jpg,https://shopee.co.id/search?keyword=Garnier%2BBright%2BComplete%2BVitamin%2BC%2BBooster%2BSerum
78,Garnier Serum Sheet Mask Vitamin C,Rp15.000,Serum,15000,Dry,Hydration,images/serum.jpg,https://shopee.co.id/search?keyword=Garnier%2BSerum%2BSheet%2BMask%2BVitamin%2BC
79,L'Oreal Paris Revitalift 1.5% Pure Hyaluronic Acid Serum,Rp149.000,Serum,149000,Dry,Hydration,images/serum.jpg,https://shopee.co.id/search?keyword=L%27Oreal%2BParis%2BRevitalift%2B1.5%25%2BPure%2BHyaluronic%2BAcid%2BSerum
80,Kahf Energizing Face Serum,Rp69.000,Serum,69000,Dry,Hydration,images/serum.jpg,https://shopee.co.id/search?keyword=Kahf%2BEnergizing%2BFace%2BSerum
81,Olay Regenerist Micro-Sculpting Serum,Rp259.000,Serum,259000,Dry,Hydration,images/serum.jpg,https://shopee.co.id/search?keyword=Olay%2BRegenerist%2BMicro-Sculpting%2BSerum
82,Skin1004 Madagascar Centella Asiatica 100 Ampoule,Rp159.000,Serum,159000,Dry,Hydration,images/serum.jpg,https://shopee.co.id/search?keyword=Skin1004%2BMadagascar%2BCentella%2BAsiatica%2B100%2BAmpoule
83,Some By Mi AHA BHA PHA 30 Days Miracle Serum,Rp189.000,Serum,189000,Dry,Hydration,images/serum.jpg,https://shopee.co.id/search?keyword=Some%2BBy%2BMi%2BAHA%2BBHA%2BPHA%2B30%2BDays%2BMiracle%2BSerum
84,Cosrx Advanced Snail 96 Mucin Power Essence,Rp259.000,Serum,259000,Dry,Hydration,images/serum.jpg,https://shopee.co.id/search?keyword=Cosrx%2BAdvanced%2BSnail%2B96%2BMucin%2BPower%2BEssence
85,Paket Niacinamide + Moisturizer Skintific,Rp199.000,Serum,199000,Dry,Hydration,images/serum.jpg,https://shopee.co.id/search?keyword=Paket%2BNiacinamide%2B%2B%2BMoisturizer%2BSkintific
86,Skintific Multi Peptide Skin Barrier Moisturizer,Rp149.000,Moisturizer,149000,Dry,General Care,images/default.jpg,https://shopee.co.id/search?keyword=Skintific%2BMulti%2BPeptide%2BSkin%2BBarrier%2BMoisturizer
87,Skintific 5X Ceramide Moisturizer,Rp129.000,Moisturizer,129000,Dry,General Care,images/default.jpg,https://shopee.co.id/search?keyword=Skintific%2B5X%2BCeramide%2BMoisturizer
88,Somethinc Level 1% Retinol Moisturizer,Rp159.000,Moisturizer,159000,Dry,General Care,images/default.jpg,https://shopee.co.id/search?keyword=Somethinc%2BLevel%2B1%25%2BRetinol%2BMoisturizer
89,Wardah Lightening Day Cream SPF 30,Rp55.000,Moisturizer,55000,Dry,General Care,images/default.jpg,https://shopee.co.id/search?keyword=Wardah%2BLightening%2BDay%2BCream%2BSPF%2B30
90,Wardah Perfect Bright Moisturizer,Rp75.000,Moisturizer,75000,Dry,General Care,images/default.jpg,https://shopee.co.id/search?keyword=Wardah%2BPerfect%2BBright%2BMoisturizer
91,Ms Glow Luminous Cream Day & Night,Rp175.000,Moisturizer,175000,Dry,General Care,images/default.jpg,https://shopee.co.id/search?keyword=Ms%2BGlow%2BLuminous%2BCream%2BDay%2B%26%2BNight
92,Hanasui Moisturizer Gel Brightening,Rp35.000,Moisturizer,35000,Dry,General Care,images/default.jpg,https://shopee.co.id/search?keyword=Hanasui%2BMoisturizer%2BGel%2BBrightening
93,Implora Moisturizer Gel,Rp25.000,Moisturizer,25000,Dry,General Care,images/default.jpg,https://shopee.co.id/search?keyword=Implora%2BMoisturizer%2BGel
94,Emina Bright Stuff Moisturizing Lotion,Rp39.000,Moisturizer,39000,Dry,General Care,images/default.jpg,https://shopee.co.id/search?keyword=Emina%2BBright%2BStuff%2BMoisturizing%2BLotion
95,Azarine Hydrasoothe Gel Cream,Rp69.000,Moisturizer,69000,Dry,General Care,images/default.jpg,https://shopee.co.id/search?keyword=Azarine%2BHydrasoothe%2BGel%2BCream
96,Glad2Glow Ceramide Moisturizer,Rp65.000,Moisturizer,65000,Dry,General Care,images/default.jpg,https://shopee.co.id/search?keyword=Glad2Glow%2BCeramide%2BMoisturizer
97,Npure Centella Toning Moisturizer,Rp89.000,Moisturizer,89000,Dry,General Care,images/default.jpg,https://shopee.co.id/search?keyword=Npure%2BCentella%2BToning%2BMoisturizer
98,The Originote Ceramide Moisturizer,Rp55.000,Moisturizer,55000,Dry,General Care,images/default.jpg,https://shopee.co.id/search?keyword=The%2BOriginote%2BCeramide%2BMoisturizer
99,Dear Me Beauty Ceramide Moisture Barrier Cream,Rp119.000,Moisturizer,119000,Dry,General Care,images/default.jpg,https://shopee.co.id/search?keyword=Dear%2BMe%2BBeauty%2BCeramide%2BMoisture%2BBarrier%2BCream
100,Avoskin Perfect Hydrating Treatment Essence,Rp149.000,Moisturizer,149000,Dry,General Care,images/default.jpg,https://shopee.co.id/search?keyword=Avoskin%2BPerfect%2BHydrating%2BTreatment%2BEssence
101,Garnier Bright Complete Day Cream SPF 19,Rp79.000,Moisturizer,79000,Dry,General Care,images/default.jpg,https://shopee.co.id/search?keyword=Garnier%2BBright%2BComplete%2BDay%2BCream%2BSPF%2B19
102,Ponds Age Miracle Day Cream,Rp89.000,Moisturizer,89000,Dry,General Care,images/default.jpg,https://shopee.co.id/search?keyword=Ponds%2BAge%2BMiracle%2BDay%2BCream
103,Ponds Bright Beauty Day Cream,Rp65.000,Moisturizer,65000,Dry,General Care,images/default.jpg,https://shopee.co.id/search?keyword=Ponds%2BBright%2BBeauty%2BDay%2BCream
104,Olay Total Effects 7-in-1 Moisturizer,Rp155.000,Moisturizer,155000,Dry,General Care,images/default.jpg,https://shopee.co.id/search?keyword=Olay%2BTotal%2BEffects%2B7-in-1%2BMoisturizer
105,Vaseline Healthy White SPF 24 Body Lotion,Rp45.000,Moisturizer,45000,Dry,General Care,images/default.jpg,https://shopee.co.id/search?keyword=Vaseline%2BHealthy%2BWhite%2BSPF%2B24%2BBody%2BLotion
106,Cetaphil Moisturizing Cream 250gr,Rp189.000,Moisturizer,189000,Dry,General Care,images/default.jpg,https://shopee.co.id/search?keyword=Cetaphil%2BMoisturizing%2BCream%2B250gr
107,Hada Labo Gokujyun Ultimate Moisturizing Light Lotion,Rp159.000,Moisturizer,159000,Dry,General Care,images/default.jpg,https://shopee.co.id/search?keyword=Hada%2BLabo%2BGokujyun%2BUltimate%2BMoisturizing%2BLight%2BLotion
108,Cosrx Oil-Free Ultra-Moisturizing Lotion,Rp229.000,Moisturizer,229000,Dry,General Care,images/default.jpg,https://shopee.co.id/search?keyword=Cosrx%2BOil-Free%2BUltra-Moisturizing%2BLotion
109,Some By Mi Snail Truecica Miracle Repair Cream,Rp199.000,Moisturizer,199000,Dry,General Care,images/default.jpg,https://shopee.co.id/search?keyword=Some%2BBy%2BMi%2BSnail%2BTruecica%2BMiracle%2BRepair%2BCream
110,Skin1004 Hyalu-Cica Water-Fit Sun Serum,Rp159.000,Moisturizer,159000,Dry,General Care,images/default.jpg,https://shopee.co.id/search?keyword=Skin1004%2BHyalu-Cica%2BWater-Fit%2BSun%2BSerum
111,Somethinc Balancing Toner,Rp99.000,Toner,99000,Combination,Pore Care,images/toner.jpg,https://shopee.co.id/search?keyword=Somethinc%2BBalancing%2BToner
112,Skintific Mugwort Pore Clarifying Toner,Rp109.000,Toner,109000,Combination,Pore Care,images/toner.jpg,https://shopee.co.id/search?keyword=Skintific%2BMugwort%2BPore%2BClarifying%2BToner
113,Wardah Lightening Toner,Rp55.000,Toner,55000,Combination,Pore Care,images/toner.jpg,https://shopee.co.id/search?keyword=Wardah%2BLightening%2BToner
114,Hanasui Toner Wajah,Rp29.000,Toner,29000,Combination,Pore Care,images/toner.jpg,https://shopee.co.id/search?keyword=Hanasui%2BToner%2BWajah
115,Implora Brightening Toner,Rp25.000,Toner,25000,Combination,Pore Care,images/toner.jpg,https://shopee.co.id/search?keyword=Implora%2BBrightening%2BToner
116,Emina Bright Stuff Facial Toner,Rp35.000,Toner,35000,Combination,Pore Care,images/toner.jpg,https://shopee.co.id/search?keyword=Emina%2BBright%2BStuff%2BFacial%2BToner
117,Azarine Soothing Toner Essence,Rp55.000,Toner,55000,Combination,Pore Care,images/toner.jpg,https://shopee.co.id/search?keyword=Azarine%2BSoothing%2BToner%2BEssence
118,Glad2Glow 2% BHA Toner,Rp65.000,Toner,65000,Combination,Pore Care,images/toner.jpg,https://shopee.co.id/search?keyword=Glad2Glow%2B2%25%2BBHA%2BToner
119,The Originote AHA BHA Toner,Rp45.000,Toner,45000,Combination,Pore Care,images/toner.jpg,https://shopee.co.id/search?keyword=The%2BOriginote%2BAHA%2BBHA%2BToner
120,Npure Centella Asiatica Toner,Rp89.000,Toner,89000,Combination,Pore Care,images/toner.jpg,https://shopee.co.id/search?keyword=Npure%2BCentella%2BAsiatica%2BToner
121,Dear Me Beauty BHA Toner,Rp109.000,Toner,109000,Combination,Pore Care,images/toner.jpg,https://shopee.co.id/search?keyword=Dear%2BMe%2BBeauty%2BBHA%2BToner
122,Avoskin Pomegranate Toner,Rp129.000,Toner,129000,Combination,Pore Care,images/toner.jpg,https://shopee.co.id/search?keyword=Avoskin%2BPomegranate%2BToner
123,Garnier Micellar Water Pink,Rp55.000,Toner,55000,Combination,Pore Care,images/toner.jpg,https://shopee.co.id/search?keyword=Garnier%2BMicellar%2BWater%2BPink
124,Garnier Micellar Water Blue Oily Skin,Rp55.000,Toner,55000,Combination,Pore Care,images/toner.jpg,https://shopee.co.id/search?keyword=Garnier%2BMicellar%2BWater%2BBlue%2BOily%2BSkin
125,Hada Labo Tamagohada Mild Peeling Lotion,Rp149.000,Toner,149000,Combination,Pore Care,images/toner.jpg,https://shopee.co.id/search?keyword=Hada%2BLabo%2BTamagohada%2BMild%2BPeeling%2BLotion
126,Cosrx AHA/BHA Clarifying Treatment Toner,Rp199.000,Toner,199000,Combination,Pore Care,images/toner.jpg,https://shopee.co.id/search?keyword=Cosrx%2BAHA/BHA%2BClarifying%2BTreatment%2BToner
127,Some By Mi AHA BHA PHA 30 Days Miracle Toner,Rp179.000,Toner,179000,Combination,Pore Care,images/toner.jpg,https://shopee.co.id/search?keyword=Some%2BBy%2BMi%2BAHA%2BBHA%2BPHA%2B30%2BDays%2BMiracle%2BToner
128,Skin1004 Centella Hyalu-Cica Toning Toner,Rp139.000,Toner,139000,Combination,Pore Care,images/toner.jpg,https://shopee.co.id/search?keyword=Skin1004%2BCentella%2BHyalu-Cica%2BToning%2BToner
129,Kahf Refreshing Toner for Men,Rp59.000,Toner,59000,Combination,Pore Care,images/toner.jpg,https://shopee.co.id/search?keyword=Kahf%2BRefreshing%2BToner%2Bfor%2BMen
130,Somethinc Cleanser Low pH Gel,Rp99.000,Facial Wash,99000,Oily,General Care,images/default.jpg,https://shopee.co.id/search?keyword=Somethinc%2BCleanser%2BLow%2BpH%2BGel
131,Skintific Mugwort Pore Clarifying Facial Wash,Rp109.000,Facial Wash,109000,Oily,General Care,images/default.jpg,https://shopee.co.id/search?keyword=Skintific%2BMugwort%2BPore%2BClarifying%2BFacial%2BWash
132,Wardah Acnederm Facial Wash,Rp65.000,Facial Wash,65000,Oily,General Care,images/default.jpg,https://shopee.co.id/search?keyword=Wardah%2BAcnederm%2BFacial%2BWash
133,Wardah Brightening Facial Wash,Rp55.000,Facial Wash,55000,Oily,General Care,images/default.jpg,https://shopee.co.id/search?keyword=Wardah%2BBrightening%2BFacial%2BWash
134,Ms Glow Facial Wash,Rp95.000,Facial Wash,95000,Oily,General Care,images/default.jpg,https://shopee.co.id/search?keyword=Ms%2BGlow%2BFacial%2BWash
135,Hanasui Facial Wash Brightening,Rp25.000,Facial Wash,25000,Oily,General Care,images/default.jpg,https://shopee.co.id/search?keyword=Hanasui%2BFacial%2BWash%2BBrightening
136,Implora Facial Wash,Rp20.000,Facial Wash,20000,Oily,General Care,images/default.jpg,https://shopee.co.id/search?keyword=Implora%2BFacial%2BWash
137,Emina Bright Stuff Face Wash,Rp39.000,Facial Wash,39000,Oily,General Care,images/default.jpg,https://shopee.co.id/search?keyword=Emina%2BBright%2BStuff%2BFace%2BWash
138,Azarine Acne Fighter Facial Wash,Rp55.000,Facial Wash,55000,Oily,General Care,images/default.jpg,https://shopee.co.id/search?keyword=Azarine%2BAcne%2BFighter%2BFacial%2BWash
139,Glad2Glow Brightening Facial Wash,Rp49.000,Facial Wash,49000,Oily,General Care,images/default.jpg,https://shopee.co.id/search?keyword=Glad2Glow%2BBrightening%2BFacial%2BWash
140,The Originote Brightening Facial Wash,Rp39.000,Facial Wash,39000,Oily,General Care,images/default.jpg,https://shopee.co.id/search?keyword=The%2BOriginote%2BBrightening%2BFacial%2BWash
141,Garnier Bright Complete Foam,Rp45.000,Facial Wash,45000,Oily,General Care,images/default.jpg,https://shopee.co.id/search?keyword=Garnier%2BBright%2BComplete%2BFoam
142,Ponds Bright Beauty Facial Foam,Rp39.000,Facial Wash,39000,Oily,General Care,images/default.jpg,https://shopee.co.id/search?keyword=Ponds%2BBright%2BBeauty%2BFacial%2BFoam
143,Cetaphil Gentle Skin Cleanser 125ml,Rp99.000,Facial Wash,99000,Oily,General Care,images/default.jpg,https://shopee.co.id/search?keyword=Cetaphil%2BGentle%2BSkin%2BCleanser%2B125ml
144,Cosrx Low pH Good Morning Gel Cleanser,Rp189.000,Facial Wash,189000,Oily,General Care,images/default.jpg,https://shopee.co.id/search?keyword=Cosrx%2BLow%2BpH%2BGood%2BMorning%2BGel%2BCleanser
145,Some By Mi AHA BHA PHA 30 Days Miracle Cleansing Bar,Rp149.000,Facial Wash,149000,Oily,General Care,images/default.jpg,https://shopee.co.id/search?keyword=Some%2BBy%2BMi%2BAHA%2BBHA%2BPHA%2B30%2BDays%2BMiracle%2BCleansing%2BBar
146,Hada Labo Perfect Gel Face Wash,Rp129.000,Facial Wash,129000,Oily,General Care,images/default.jpg,https://shopee.co.id/search?keyword=Hada%2BLabo%2BPerfect%2BGel%2BFace%2BWash
147,Kahf Energizing Face Wash,Rp59.000,Facial Wash,59000,Oily,General Care,images/default.jpg,https://shopee.co.id/search?keyword=Kahf%2BEnergizing%2BFace%2BWash
148,Npure Centella Asiatica Facial Wash,Rp79.000,Facial Wash,79000,Oily,General Care,images/default.jpg,https://shopee.co.id/search?keyword=Npure%2BCentella%2BAsiatica%2BFacial%2BWash
149,Skintific Aqua Light Sunscreen SPF 50+ PA++++,Rp139.000,Sunscreen,139000,Sensitive,UV Protection,images/sunscreen.jpg,https://shopee.co.id/search?keyword=Skintific%2BAqua%2BLight%2BSunscreen%2BSPF%2B50%2B%2BPA%2B%2B%2B%2B
150,Somethinc Mineral Glow Sunscreen SPF 50 PA++++,Rp149.000,Sunscreen,149000,Sensitive,UV Protection,images/sunscreen.jpg,https://shopee.co.id/search?keyword=Somethinc%2BMineral%2BGlow%2BSunscreen%2BSPF%2B50%2BPA%2B%2B%2B%2B
151,Wardah UV Shield Essential Sunscreen SPF 30,Rp79.000,Sunscreen,79000,Sensitive,UV Protection,images/sunscreen.jpg,https://shopee.co.id/search?keyword=Wardah%2BUV%2BShield%2BEssential%2BSunscreen%2BSPF%2B30
152,Azarine Hydrasoothe Sunscreen SPF 45 PA+++,Rp79.000,Sunscreen,79000,Sensitive,UV Protection,images/sunscreen.jpg,https://shopee.co.id/search?keyword=Azarine%2BHydrasoothe%2BSunscreen%2BSPF%2B45%2BPA%2B%2B%2B
153,Emina Sun Protection SPF 30,Rp49.000,Sunscreen,49000,Sensitive,UV Protection,images/sunscreen.jpg,https://shopee.co.id/search?keyword=Emina%2BSun%2BProtection%2BSPF%2B30
154,Glad2Glow SPF 50 PA++++ Sunscreen,Rp79.000,Sunscreen,79000,Sensitive,UV Protection,images/sunscreen.jpg,https://shopee.co.id/search?keyword=Glad2Glow%2BSPF%2B50%2BPA%2B%2B%2B%2B%2BSunscreen
155,The Originote Ceramide Sunscreen SPF 50,Rp59.000,Sunscreen,59000,Sensitive,UV Protection,images/sunscreen.jpg,https://shopee.co.id/search?keyword=The%2BOriginote%2BCeramide%2BSunscreen%2BSPF%2B50
156,Avoskin Photosynthesis Brightening Serum SPF 50,Rp199.000,Sunscreen,199000,Sensitive,UV Protection,images/sunscreen.jpg,https://shopee.co.id/search?keyword=Avoskin%2BPhotosynthesis%2BBrightening%2BSerum%2BSPF%2B50
157,Npure Cica Sunscreen SPF 50,Rp99.000,Sunscreen,99000,Sensitive,UV Protection,images/sunscreen.jpg,https://shopee.co.id/search?keyword=Npure%2BCica%2BSunscreen%2BSPF%2B50
158,Garnier UV INVISIBLE Super UV Serum SPF 50+,Rp99.000,Sunscreen,99000,Sensitive,UV Protection,images/sunscreen.jpg,https://shopee.co.id/search?keyword=Garnier%2BUV%2BINVISIBLE%2BSuper%2BUV%2BSerum%2BSPF%2B50%2B
159,Skin1004 Hyalu-Cica Water-Fit Sun Serum SPF 50+,Rp179.000,Sunscreen,179000,Sensitive,UV Protection,images/sunscreen.jpg,https://shopee.co.id/search?keyword=Skin1004%2BHyalu-Cica%2BWater-Fit%2BSun%2BSerum%2BSPF%2B50%2B
160,Cosrx Aloe Soothing Sun Cream SPF 50,Rp249.000,Sunscreen,249000,Sensitive,UV Protection,images/sunscreen.jpg,https://shopee.co.id/search?keyword=Cosrx%2BAloe%2BSoothing%2BSun%2BCream%2BSPF%2B50
161,Bioré UV Aqua Rich Watery Essence SPF 50+,Rp149.000,Sunscreen,149000,Sensitive,UV Protection,images/sunscreen.jpg,https://shopee.co.id/search?keyword=Bior%C3%A9%2BUV%2BAqua%2BRich%2BWatery%2BEssence%2BSPF%2B50%2B
162,Kahf Everyday Face Shield Sunscreen SPF 35,Rp79.000,Sunscreen,79000,Sensitive,UV Protection,images/sunscreen.jpg,https://shopee.co.id/search?keyword=Kahf%2BEveryday%2BFace%2BShield%2BSunscreen%2BSPF%2B35
163,Skintific Mugwort Clay Mask,Rp109.000,Face Mask,109000,Normal,General Care,images/default.jpg,https://shopee.co.id/search?keyword=Skintific%2BMugwort%2BClay%2BMask
164,Somethinc Mugwort Pore Clarifying Mask,Rp129.000,Face Mask,129000,Normal,General Care,images/default.jpg,https://shopee.co.id/search?keyword=Somethinc%2BMugwort%2BPore%2BClarifying%2BMask
165,Wardah Lightening Creamy Foam Mask,Rp65.000,Face Mask,65000,Normal,General Care,images/default.jpg,https://shopee.co.id/search?keyword=Wardah%2BLightening%2BCreamy%2BFoam%2BMask
166,Emina Bright Stuff Masker,Rp35.000,Face Mask,35000,Normal,General Care,images/default.jpg,https://shopee.co.id/search?keyword=Emina%2BBright%2BStuff%2BMasker
167,Hanasui Mask Sheet,Rp10.000,Face Mask,10000,Normal,General Care,images/default.jpg,https://shopee.co.id/search?keyword=Hanasui%2BMask%2BSheet
168,Implora Gold Sheet Mask,Rp9.000,Face Mask,9000,Normal,General Care,images/default.jpg,https://shopee.co.id/search?keyword=Implora%2BGold%2BSheet%2BMask
169,Ms Glow Sheet Mask Brightening,Rp35.000,Face Mask,35000,Normal,General Care,images/default.jpg,https://shopee.co.id/search?keyword=Ms%2BGlow%2BSheet%2BMask%2BBrightening
170,Garnier Sakura White Sheet Mask,Rp12.000,Face Mask,12000,Normal,General Care,images/default.jpg,https://shopee.co.id/search?keyword=Garnier%2BSakura%2BWhite%2BSheet%2BMask
171,Garnier Light Complete Sheet Mask,Rp12.000,Face Mask,12000,Normal,General Care,images/default.jpg,https://shopee.co.id/search?keyword=Garnier%2BLight%2BComplete%2BSheet%2BMask
172,The Originote Niacinamide Sheet Mask,Rp15.000,Face Mask,15000,Normal,General Care,images/default.jpg,https://shopee.co.id/search?keyword=The%2BOriginote%2BNiacinamide%2BSheet%2BMask
173,Azarine Sheet Mask Centella,Rp15.000,Face Mask,15000,Normal,General Care,images/default.jpg,https://shopee.co.id/search?keyword=Azarine%2BSheet%2BMask%2BCentella
174,Glad2Glow Niacinamide Sheet Mask,Rp15.000,Face Mask,15000,Normal,General Care,images/default.jpg,https://shopee.co.id/search?keyword=Glad2Glow%2BNiacinamide%2BSheet%2BMask
175,Npure Centella Sheet Mask,Rp25.000,Face Mask,25000,Normal,General Care,images/default.jpg,https://shopee.co.id/search?keyword=Npure%2BCentella%2BSheet%2BMask
176,Some By Mi Miracle Tone Erasing Glow Mask,Rp25.000,Face Mask,25000,Normal,General Care,images/default.jpg,https://shopee.co.id/search?keyword=Some%2BBy%2BMi%2BMiracle%2BTone%2BErasing%2BGlow%2BMask
177,Cosrx Acne Pimple Master Patch,Rp89.000,Face Mask,89000,Normal,General Care,images/default.jpg,https://shopee.co.id/search?keyword=Cosrx%2BAcne%2BPimple%2BMaster%2BPatch
178,Skin1004 Centella Ampoule Sheet Mask,Rp20.000,Face Mask,20000,Normal,General Care,images/default.jpg,https://shopee.co.id/search?keyword=Skin1004%2BCentella%2BAmpoule%2BSheet%2BMask
179,Dear Me Beauty Niacinamide Sheet Mask,Rp15.000,Face Mask,15000,Normal,General Care,images/default.jpg,https://shopee.co.id/search?keyword=Dear%2BMe%2BBeauty%2BNiacinamide%2BSheet%2BMask
180,BIOAQUA Collagen Sheet Mask,Rp8.000,Face Mask,8000,Normal,General Care,images/default.jpg,https://shopee.co.id/search?keyword=BIOAQUA%2BCollagen%2BSheet%2BMask
181,Somethinc AHA BHA 10% Pore Clarifying Serum,Rp149.000,Exfoliator,149000,Normal,General Care,images/default.jpg,https://shopee.co.id/search?keyword=Somethinc%2BAHA%2BBHA%2B10%25%2BPore%2BClarifying%2BSerum
182,Skintific Exfoliating Toner,Rp109.000,Exfoliator,109000,Normal,General Care,images/default.jpg,https://shopee.co.id/search?keyword=Skintific%2BExfoliating%2BToner
183,Emina Bright Stuff Brightening Scrub,Rp39.000,Exfoliator,39000,Normal,General Care,images/default.jpg,https://shopee.co.id/search?keyword=Emina%2BBright%2BStuff%2BBrightening%2BScrub
184,Wardah Crystal Secret Brightening Scrub,Rp65.000,Exfoliator,65000,Normal,General Care,images/default.jpg,https://shopee.co.id/search?keyword=Wardah%2BCrystal%2BSecret%2BBrightening%2BScrub
185,Garnier Bright Complete Scrub,Rp49.000,Exfoliator,49000,Normal,General Care,images/default.jpg,https://shopee.co.id/search?keyword=Garnier%2BBright%2BComplete%2BScrub
186,Some By Mi AHA BHA PHA Toner 30 Days,Rp179.000,Exfoliator,179000,Normal,General Care,images/default.jpg,https://shopee.co.id/search?keyword=Some%2BBy%2BMi%2BAHA%2BBHA%2BPHA%2BToner%2B30%2BDays
187,Npure Centella Asiatica Peeling Serum,Rp99.000,Exfoliator,99000,Normal,General Care,images/default.jpg,https://shopee.co.id/search?keyword=Npure%2BCentella%2BAsiatica%2BPeeling%2BSerum
188,Skintific 5X Ceramide Skin Barrier Treatment Essence,Rp149.000,Essence,149000,Normal,General Care,images/default.jpg,https://shopee.co.id/search?keyword=Skintific%2B5X%2BCeramide%2BSkin%2BBarrier%2BTreatment%2BEssence
189,Hada Labo Shirojyun Ultimate Whitening Lotion,Rp179.000,Essence,179000,Normal,General Care,images/default.jpg,https://shopee.co.id/search?keyword=Hada%2BLabo%2BShirojyun%2BUltimate%2BWhitening%2BLotion
190,Somethinc SABI Bright Essence,Rp139.000,Essence,139000,Normal,General Care,images/default.jpg,https://shopee.co.id/search?keyword=Somethinc%2BSABI%2BBright%2BEssence
191,Dear Me Beauty Brightening Essence,Rp109.000,Essence,109000,Normal,General Care,images/default.jpg,https://shopee.co.id/search?keyword=Dear%2BMe%2BBeauty%2BBrightening%2BEssence
192,Avoskin Miraculous Refining Treatment Essence,Rp189.000,Essence,189000,Normal,General Care,images/default.jpg,https://shopee.co.id/search?keyword=Avoskin%2BMiraculous%2BRefining%2BTreatment%2BEssence
193,The Originote Hyalucera Essence,Rp55.000,Essence,55000,Normal,General Care,images/default.jpg,https://shopee.co.id/search?keyword=The%2BOriginote%2BHyalucera%2BEssence
194,Npure Propolis Synergy Treatment,Rp129.000,Essence,129000,Normal,General Care,images/default.jpg,https://shopee.co.id/search?keyword=Npure%2BPropolis%2BSynergy%2BTreatment
195,Ms Glow Brightening Treatment Essence,Rp145.000,Essence,145000,Normal,General Care,images/default.jpg,https://shopee.co.id/search?keyword=Ms%2BGlow%2BBrightening%2BTreatment%2BEssence
196,Benzolac 5% Acne Gel,Rp45.000,Acne Treatment,45000,Normal,General Care,images/default.jpg,https://shopee.co.id/search?keyword=Benzolac%2B5%25%2BAcne%2BGel
197,Dalacin T Topical Solution,Rp89.000,Acne Treatment,89000,Normal,General Care,images/default.jpg,https://shopee.co.id/search?keyword=Dalacin%2BT%2BTopical%2BSolution
198,Somethinc Holystar Blemish Touch,Rp99.000,Acne Treatment,99000,Normal,General Care,images/default.jpg,https://shopee.co.id/search?keyword=Somethinc%2BHolystar%2BBlemish%2BTouch
199,Skintific Acne Spot Gel,Rp89.000,Acne Treatment,89000,Normal,General Care,images/default.jpg,https://shopee.co.id/search?keyword=Skintific%2BAcne%2BSpot%2BGel
200,Azarine Acne Spot Gel,Rp49.000,Acne Treatment,49000,Normal,General Care,images/default.jpg,https://shopee.co.id/search?keyword=Azarine%2BAcne%2BSpot%2BGel
201,Emina Acne Solution Spot Gel,Rp35.000,Acne Treatment,35000,Normal,General Care,images/default.jpg,https://shopee.co.id/search?keyword=Emina%2BAcne%2BSolution%2BSpot%2BGel
202,Wardah Acnederm Acne Spot Gel,Rp55.000,Acne Treatment,55000,Normal,General Care,images/default.jpg,https://shopee.co.id/search?keyword=Wardah%2BAcnederm%2BAcne%2BSpot%2BGel
203,Cosrx Acne Pimple Master Patch 24 patches,Rp79.000,Acne Treatment,79000,Normal,General Care,images/default.jpg,https://shopee.co.id/search?keyword=Cosrx%2BAcne%2BPimple%2BMaster%2BPatch%2B24%2Bpatches
204,Some By Mi Snail Truecica Miracle Repair Serum,Rp199.000,Acne Treatment,199000,Normal,General Care,images/default.jpg,https://shopee.co.id/search?keyword=Some%2BBy%2BMi%2BSnail%2BTruecica%2BMiracle%2BRepair%2BSerum
